"Name","ReachID","OriginalRID"
"Johnson",6662,6662
"Johnson",6642,6662
"Johnson",6734,6662
"Johnson",6624,6662
"Johnson",6667,6662
"Johnson",6760,6662
"Johnson",6811,6662
"Swift",7292,7292
"Swift",7380,7292
"Swift",7391,7292
"Swift",7556,7292
"Swift",7633,7292
"Swift",7634,7292
"Swift",7657,7292
"Kisaralik",7622,7622
"Kisaralik",7539,7622
"Kisaralik",7579,7622
"Kisaralik",7464,7622
"Kisaralik",7510,7622
"Kisaralik",7316,7622
"Kisaralik",7413,7622
"Kisaralik",7466,7622
"Kisaralik",7487,7622
"Kisaralik",7235,7622
"Kisaralik",7301,7622
"Kisaralik",7418,7622
"Kisaralik",7432,7622
"Kisaralik",7437,7622
"Kisaralik",7562,7622
"Kisaralik",7414,7622
"Kisaralik",7446,7622
"Tuluksak",9926,9926
"Tuluksak",9748,9926
"Tuluksak",10067,9926
"Tuluksak",9641,9926
"Tuluksak",9859,9926
"Tuluksak",9904,9926
"Tuluksak",9923,9926
"Tuluksak",9514,9926
"Tuluksak",9617,9926
"Tuluksak",9832,9926
"Tuluksak",9886,9926
"Tuluksak",9279,9926
"Tuluksak",9340,9926
"Tuluksak",9505,9926
"Tuluksak",9512,9926
"Tuluksak",9773,9926
"Tuluksak",9855,9926
"Tuluksak",9094,9926
"Tuluksak",9148,9926
"Tuluksak",9269,9926
"Tuluksak",9292,9926
"Tuluksak",9317,9926
"Tuluksak",9365,9926
"Tuluksak",9392,9926
"Tuluksak",9624,9926
"Tuluksak",9764,9926
"Tuluksak",9881,9926
"Tuluksak",8897,9926
"Tuluksak",8928,9926
"Tuluksak",8961,9926
"Tuluksak",8963,9926
"Tuluksak",9034,9926
"Tuluksak",9080,9926
"Tuluksak",9128,9926
"Tuluksak",9273,9926
"Tuluksak",9348,9926
"Tuluksak",9506,9926
"Tuluksak",9613,9926
"Tuluksak",9660,9926
"Tuluksak",9673,9926
"Tuluksak",9782,9926
"Tuluksak",9866,9926
"Tuluksak",9902,9926
"Tuluksak",8791,9926
"Tuluksak",8864,9926
"Tuluksak",8891,9926
"Tuluksak",8907,9926
"Tuluksak",8910,9926
"Tuluksak",8939,9926
"Tuluksak",8962,9926
"Tuluksak",9030,9926
"Tuluksak",9073,9926
"Tuluksak",9105,9926
"Tuluksak",9268,9926
"Tuluksak",9388,9926
"Tuluksak",9697,9926
"Tuluksak",9808,9926
"Tuluksak",8513,9926
"Tuluksak",8654,9926
"Tuluksak",8758,9926
"Tuluksak",8763,9926
"Tuluksak",8854,9926
"Tuluksak",8879,9926
"Tuluksak",8890,9926
"Tuluksak",8960,9926
"Tuluksak",9122,9926
"Tuluksak",9153,9926
"Tuluksak",9351,9926
"Tuluksak",9393,9926
"Tuluksak",9564,9926
"Tuluksak",9712,9926
"Tuluksak",8095,9926
"Tuluksak",8441,9926
"Tuluksak",8568,9926
"Tuluksak",8652,9926
"Tuluksak",8702,9926
"Tuluksak",8772,9926
"Tuluksak",8801,9926
"Tuluksak",8878,9926
"Tuluksak",8895,9926
"Tuluksak",8969,9926
"Tuluksak",9158,9926
"Tuluksak",9178,9926
"Tuluksak",9259,9926
"Tuluksak",9318,9926
"Tuluksak",9336,9926
"Tuluksak",9422,9926
"Tuluksak",9468,9926
"Tuluksak",9501,9926
"Tuluksak",9542,9926
"Tuluksak",9759,9926
"Tuluksak",8410,9926
"Tuluksak",8426,9926
"Tuluksak",8447,9926
"Tuluksak",8539,9926
"Tuluksak",8619,9926
"Tuluksak",8637,9926
"Tuluksak",8659,9926
"Tuluksak",8795,9926
"Tuluksak",8817,9926
"Tuluksak",8894,9926
"Tuluksak",9132,9926
"Tuluksak",9170,9926
"Tuluksak",9263,9926
"Tuluksak",9264,9926
"Tuluksak",9272,9926
"Tuluksak",9333,9926
"Tuluksak",9488,9926
"Tuluksak",9550,9926
"Tuluksak",9675,9926
"Tuluksak",9774,9926
"Tuluksak",7427,9926
"Tuluksak",8272,9926
"Tuluksak",8308,9926
"Tuluksak",8322,9926
"Tuluksak",8324,9926
"Tuluksak",8367,9926
"Tuluksak",8371,9926
"Tuluksak",8385,9926
"Tuluksak",8409,9926
"Tuluksak",8413,9926
"Tuluksak",8534,9926
"Tuluksak",8551,9926
"Tuluksak",8562,9926
"Tuluksak",8596,9926
"Tuluksak",8694,9926
"Tuluksak",8718,9926
"Tuluksak",8779,9926
"Tuluksak",8796,9926
"Tuluksak",9044,9926
"Tuluksak",9095,9926
"Tuluksak",9191,9926
"Tuluksak",9274,9926
"Tuluksak",9517,9926
"Tuluksak",9677,9926
"Tuluksak",7379,9926
"Tuluksak",7387,9926
"Tuluksak",7914,9926
"Tuluksak",8032,9926
"Tuluksak",8113,9926
"Tuluksak",8126,9926
"Tuluksak",8150,9926
"Tuluksak",8239,9926
"Tuluksak",8270,9926
"Tuluksak",8283,9926
"Tuluksak",8293,9926
"Tuluksak",8304,9926
"Tuluksak",8307,9926
"Tuluksak",8312,9926
"Tuluksak",8363,9926
"Tuluksak",8400,9926
"Tuluksak",8407,9926
"Tuluksak",8519,9926
"Tuluksak",8525,9926
"Tuluksak",8544,9926
"Tuluksak",8640,9926
"Tuluksak",8712,9926
"Tuluksak",8771,9926
"Tuluksak",8776,9926
"Tuluksak",8824,9926
"Tuluksak",8949,9926
"Tuluksak",8956,9926
"Tuluksak",9086,9926
"Tuluksak",9165,9926
"Tuluksak",9200,9926
"Tuluksak",7307,9926
"Tuluksak",7341,9926
"Tuluksak",7456,9926
"Tuluksak",7688,9926
"Tuluksak",7717,9926
"Tuluksak",7789,9926
"Tuluksak",7837,9926
"Tuluksak",7923,9926
"Tuluksak",7973,9926
"Tuluksak",7974,9926
"Tuluksak",7991,9926
"Tuluksak",8050,9926
"Tuluksak",8145,9926
"Tuluksak",8177,9926
"Tuluksak",8189,9926
"Tuluksak",8247,9926
"Tuluksak",8258,9926
"Tuluksak",8274,9926
"Tuluksak",8294,9926
"Tuluksak",8388,9926
"Tuluksak",8530,9926
"Tuluksak",8546,9926
"Tuluksak",8578,9926
"Tuluksak",8648,9926
"Tuluksak",8670,9926
"Tuluksak",8711,9926
"Tuluksak",8762,9926
"Tuluksak",8849,9926
"Tuluksak",8865,9926
"Tuluksak",8866,9926
"Tuluksak",8906,9926
"Tuluksak",9054,9926
"Tuluksak",7247,9926
"Tuluksak",7258,9926
"Tuluksak",7268,9926
"Tuluksak",7324,9926
"Tuluksak",7650,9926
"Tuluksak",7697,9926
"Tuluksak",7719,9926
"Tuluksak",7760,9926
"Tuluksak",7835,9926
"Tuluksak",7891,9926
"Tuluksak",7892,9926
"Tuluksak",7954,9926
"Tuluksak",7956,9926
"Tuluksak",8180,9926
"Tuluksak",8465,9926
"Tuluksak",8563,9926
"Tuluksak",8564,9926
"Tuluksak",8684,9926
"Tuluksak",7144,9926
"Tuluksak",7163,9926
"Tuluksak",7181,9926
"Tuluksak",7220,9926
"Tuluksak",7497,9926
"Tuluksak",7546,9926
"Tuluksak",7565,9926
"Tuluksak",7642,9926
"Tuluksak",7648,9926
"Tuluksak",7713,9926
"Tuluksak",7818,9926
"Tuluksak",7874,9926
"Tuluksak",8476,9926
"Tuluksak",8575,9926
"Tuluksak",8681,9926
"Tuluksak",8689,9926
"Tuluksak",6629,9926
"Tuluksak",6778,9926
"Tuluksak",7083,9926
"Tuluksak",7176,9926
"Tuluksak",7231,9926
"Tuluksak",7354,9926
"Tuluksak",7377,9926
"Tuluksak",7472,9926
"Tuluksak",7629,9926
"Tuluksak",7698,9926
"Tuluksak",7743,9926
"Tuluksak",7822,9926
"Tuluksak",8365,9926
"Tuluksak",8469,9926
"Tuluksak",8567,9926
"Tuluksak",8655,9926
"Tuluksak",6753,9926
"Tuluksak",6805,9926
"Tuluksak",6931,9926
"Tuluksak",7055,9926
"Tuluksak",7061,9926
"Tuluksak",7090,9926
"Tuluksak",7123,9926
"Tuluksak",7170,9926
"Tuluksak",7621,9926
"Tuluksak",7670,9926
"Tuluksak",7680,9926
"Tuluksak",7754,9926
"Tuluksak",7759,9926
"Tuluksak",7794,9926
"Tuluksak",8185,9926
"Tuluksak",8219,9926
"Tuluksak",8325,9926
"Tuluksak",8479,9926
"Tuluksak",8492,9926
"Tuluksak",8547,9926
"Tuluksak",6529,9926
"Tuluksak",6655,9926
"Tuluksak",6704,9926
"Tuluksak",6782,9926
"Tuluksak",6953,9926
"Tuluksak",7046,9926
"Tuluksak",7151,9926
"Tuluksak",7154,9926
"Tuluksak",7252,9926
"Tuluksak",7462,9926
"Tuluksak",7597,9926
"Tuluksak",7652,9926
"Tuluksak",7687,9926
"Tuluksak",7748,9926
"Tuluksak",8129,9926
"Tuluksak",8133,9926
"Tuluksak",8137,9926
"Tuluksak",8210,9926
"Tuluksak",8220,9926
"Tuluksak",8342,9926
"Tuluksak",6381,9926
"Tuluksak",6528,9926
"Tuluksak",6546,9926
"Tuluksak",6556,9926
"Tuluksak",6586,9926
"Tuluksak",6609,9926
"Tuluksak",6651,9926
"Tuluksak",6775,9926
"Tuluksak",6948,9926
"Tuluksak",6993,9926
"Tuluksak",7227,9926
"Tuluksak",7234,9926
"Tuluksak",7899,9926
"Tuluksak",8051,9926
"Tuluksak",8200,9926
"Tuluksak",8221,9926
"Tuluksak",8276,9926
"Tuluksak",8326,9926
"Tuluksak",6326,9926
"Tuluksak",6337,9926
"Tuluksak",6364,9926
"Tuluksak",6371,9926
"Tuluksak",6482,9926
"Tuluksak",6505,9926
"Tuluksak",6531,9926
"Tuluksak",6617,9926
"Tuluksak",6794,9926
"Tuluksak",6947,9926
"Tuluksak",7027,9926
"Tuluksak",7201,9926
"Tuluksak",7873,9926
"Tuluksak",8027,9926
"Tuluksak",8140,9926
"Tuluksak",8143,9926
"Tuluksak",8195,9926
"Tuluksak",8235,9926
"Tuluksak",8243,9926
"Tuluksak",8248,9926
"Tuluksak",8281,9926
"Tuluksak",8370,9926
"Tuluksak",6091,9926
"Tuluksak",6347,9926
"Tuluksak",6776,9926
"Tuluksak",6854,9926
"Tuluksak",7084,9926
"Tuluksak",7209,9926
"Tuluksak",7787,9926
"Tuluksak",8053,9926
"Tuluksak",8091,9926
"Tuluksak",8099,9926
"Tuluksak",8130,9926
"Tuluksak",8183,9926
"Tuluksak",8190,9926
"Tuluksak",8398,9926
"Tuluksak",6659,9926
"Tuluksak",6698,9926
"Tuluksak",6777,9926
"Tuluksak",6873,9926
"Tuluksak",7006,9926
"Tuluksak",7016,9926
"Tuluksak",7199,9926
"Tuluksak",7315,9926
"Tuluksak",7732,9926
"Tuluksak",7786,9926
"Tuluksak",7828,9926
"Tuluksak",8019,9926
"Tuluksak",8034,9926
"Tuluksak",8055,9926
"Tuluksak",8070,9926
"Tuluksak",8096,9926
"Tuluksak",8273,9926
"Tuluksak",8380,9926
"Tuluksak",6848,9926
"Tuluksak",6911,9926
"Tuluksak",6960,9926
"Tuluksak",7077,9926
"Tuluksak",7725,9926
"Tuluksak",7875,9926
"Tuluksak",7882,9926
"Tuluksak",7888,9926
"Tuluksak",7917,9926
"Tuluksak",8035,9926
"Tuluksak",8393,9926
"Tuluksak",8621,9926
"Tuluksak",6341,9926
"Tuluksak",6769,9926
"Tuluksak",7043,9926
"Tuluksak",7092,9926
"Tuluksak",7701,9926
"Tuluksak",7762,9926
"Tuluksak",7840,9926
"Tuluksak",7871,9926
"Tuluksak",7876,9926
"Tuluksak",7897,9926
"Tuluksak",8003,9926
"Tuluksak",8040,9926
"Tuluksak",8354,9926
"Tuluksak",8401,9926
"Tuluksak",6207,9926
"Tuluksak",6251,9926
"Tuluksak",6582,9926
"Tuluksak",6695,9926
"Tuluksak",7593,9926
"Tuluksak",7827,9926
"Tuluksak",7951,9926
"Tuluksak",7992,9926
"Tuluksak",8098,9926
"Tuluksak",8419,9926
"Tuluksak",6756,9926
"Tuluksak",7246,9926
"Tuluksak",7573,9926
"Tuluksak",7602,9926
"Tuluksak",8456,9926
"Tuluksak",8635,9926
"Tuluksak",6547,9926
"Tuluksak",6801,9926
"Tuluksak",7345,9926
"Tuluksak",7386,9926
"Tuluksak",7557,9926
"Tuluksak",7658,9926
"Tuluksak",8442,9926
"Tuluksak",8487,9926
"Tuluksak",8643,9926
"Tuluksak",8837,9926
"Tuluksak",6430,9926
"Tuluksak",6945,9926
"Tuluksak",7622,9926
"Tuluksak",7666,9926
"Tuluksak",8267,9926
"Tuluksak",8450,9926
"Tuluksak",8455,9926
"Tuluksak",8571,9926
"Tuluksak",8886,9926
"Tuluksak",8964,9926
"Tuluksak",6247,9926
"Tuluksak",6376,9926
"Tuluksak",6721,9926
"Tuluksak",7029,9926
"Tuluksak",7539,9926
"Tuluksak",7579,9926
"Tuluksak",8028,9926
"Tuluksak",8215,9926
"Tuluksak",8636,9926
"Tuluksak",8722,9926
"Tuluksak",6230,9926
"Tuluksak",6244,9926
"Tuluksak",6427,9926
"Tuluksak",6569,9926
"Tuluksak",7034,9926
"Tuluksak",7035,9926
"Tuluksak",7464,9926
"Tuluksak",7510,9926
"Tuluksak",7716,9926
"Tuluksak",7879,9926
"Tuluksak",8128,9926
"Tuluksak",8282,9926
"Tuluksak",8706,9926
"Tuluksak",8728,9926
"Tuluksak",6116,9926
"Tuluksak",6136,9926
"Tuluksak",6211,9926
"Tuluksak",6291,9926
"Tuluksak",6979,9926
"Tuluksak",7051,9926
"Tuluksak",7316,9926
"Tuluksak",7413,9926
"Tuluksak",7466,9926
"Tuluksak",7487,9926
"Tuluksak",7799,9926
"Tuluksak",8132,9926
"Tuluksak",8236,9926
"Tuluksak",8309,9926
"Tuluksak",8663,9926
"Tuluksak",8705,9926
"Tuluksak",8911,9926
"Tuluksak",8975,9926
"Tuluksak",5993,9926
"Tuluksak",6021,9926
"Tuluksak",6031,9926
"Tuluksak",6152,9926
"Tuluksak",6196,9926
"Tuluksak",6271,9926
"Tuluksak",6901,9926
"Tuluksak",6949,9926
"Tuluksak",7063,9926
"Tuluksak",7072,9926
"Tuluksak",7235,9926
"Tuluksak",7301,9926
"Tuluksak",7418,9926
"Tuluksak",7432,9926
"Tuluksak",7437,9926
"Tuluksak",7562,9926
"Tuluksak",7733,9926
"Tuluksak",7812,9926
"Tuluksak",8701,9926
"Tuluksak",8909,9926
"Tuluksak",8974,9926
"Tuluksak",8980,9926
"Tuluksak",5791,9926
"Tuluksak",5884,9926
"Tuluksak",5919,9926
"Tuluksak",6178,9926
"Tuluksak",7218,9926
"Tuluksak",7372,9926
"Tuluksak",7414,9926
"Tuluksak",7446,9926
"Tuluksak",7662,9926
"Tuluksak",7714,9926
"Tuluksak",7824,9926
"Tuluksak",7926,9926
"Tuluksak",8623,9926
"Tuluksak",8714,9926
"Tuluksak",8976,9926
"Tuluksak",9003,9926
"Tuluksak",5843,9926
"Tuluksak",5896,9926
"Tuluksak",7186,9926
"Tuluksak",7401,9926
"Tuluksak",7868,9926
"Tuluksak",7965,9926
"Tuluksak",8599,9926
"Tuluksak",8610,9926
"Tuluksak",8747,9926
"Tuluksak",8813,9926
"Tuluksak",9010,9926
"Tuluksak",9070,9926
"Tuluksak",5781,9926
"Tuluksak",5805,9926
"Tuluksak",7516,9926
"Tuluksak",7520,9926
"Tuluksak",7845,9926
"Tuluksak",8029,9926
"Tuluksak",8405,9926
"Tuluksak",8549,9926
"Tuluksak",8770,9926
"Tuluksak",8857,9926
"Tuluksak",8922,9926
"Tuluksak",9107,9926
"Tuluksak",9152,9926
"Tuluksak",9286,9926
"Tuluksak",5619,9926
"Tuluksak",5670,9926
"Tuluksak",7366,9926
"Tuluksak",7569,9926
"Tuluksak",8022,9926
"Tuluksak",8121,9926
"Tuluksak",8344,9926
"Tuluksak",8580,9926
"Tuluksak",8875,9926
"Tuluksak",8977,9926
"Tuluksak",9174,9926
"Tuluksak",9383,9926
"Tuluksak",9405,9926
"Tuluksak",9642,9926
"Tuluksak",5516,9926
"Tuluksak",5585,9926
"Tuluksak",7570,9926
"Tuluksak",7620,9926
"Tuluksak",8166,9926
"Tuluksak",8433,9926
"Tuluksak",8855,9926
"Tuluksak",8893,9926
"Tuluksak",9041,9926
"Tuluksak",9064,9926
"Tuluksak",9352,9926
"Tuluksak",9445,9926
"Tuluksak",5269,9926
"Tuluksak",5492,9926
"Tuluksak",8726,9926
"Tuluksak",8840,9926
"Tuluksak",8892,9926
"Tuluksak",8908,9926
"Tuluksak",9082,9926
"Tuluksak",9091,9926
"Tuluksak",9473,9926
"Tuluksak",9535,9926
"Tuluksak",4947,9926
"Tuluksak",5206,9926
"Tuluksak",5424,9926
"Tuluksak",5495,9926
"Tuluksak",9099,9926
"Tuluksak",9335,9926
"Tuluksak",9474,9926
"Tuluksak",9602,9926
"Tuluksak",8868,9926
"Tuluksak",9149,9926
"Tuluksak",9290,9926
"Tuluksak",9407,9926
"Tuluksak",9632,9926
"Tuluksak",9680,9926
"Tuluksak",9142,9926
"Tuluksak",9417,9926
"Tuluksak",9465,9926
"Tuluksak",9606,9926
"Tuluksak",9631,9926
"Tuluksak",9659,9926
"Tuluksak",9726,9926
"Tuluksak",9950,9926
"Tuluksak",9096,9926
"Tuluksak",9141,9926
"Tuluksak",9600,9926
"Tuluksak",9770,9926
"Tuluksak",9791,9926
"Tuluksak",9884,9926
"Tuluksak",9749,9926
"Tuluksak",9860,9926
"Aniak",11993,11993
"Aniak",12013,11993
"Aniak",12134,11993
"Aniak",12141,11993
"Aniak",12233,11993
"Aniak",11988,11993
"Aniak",12135,11993
"Holokuk",11536,11536
"Oskakawlik",12571,12571
"Oskakawlik",12515,12571
"Oskakawlik",12592,12571
"Oskakawlik",12446,12571
"Oskakawlik",12465,12571
"Oskakawlik",12594,12571
"Oskakawlik",12708,12571
"Oskakawlik",12521,12571
"Oskakawlik",12641,12571
"Oskakawlik",12714,12571
"Oskakawlik",12738,12571
"Oskakawlik",12477,12571
"Oskakawlik",12601,12571
"Oskakawlik",12742,12571
"Oskakawlik",12759,12571
"Oskakawlik",12676,12571
"Oskakawlik",12743,12571
